<?xml version="1.0" encoding="UTF-8"?>

<hibernate-configuration>
    <session-factory>

        <!-- DB Connection -->
        <property name="hibernate.connection.driver_class">com.mysql.cj.jdbc.Driver</property>
        <property name="hibernate.connection.url">jdbc:mysql://localhost:3306/edutrack</property>
        <property name="hibernate.connection.username">root</property>
        <property name="hibernate.connection.password"></property>

        <!-- Hibernate Settings -->
        <property name="hibernate.dialect">org.hibernate.dialect.MySQLDialect</property>
        <property name="hibernate.show_sql">true</property>
        <property name="hibernate.format_sql">true</property>
        <property name="hibernate.hbm2ddl.auto">update</property>

        <!-- Entity Classes (we will add gradually) -->
        <mapping class="com.edutrack.model.User"/>
        <mapping class="com.edutrack.model.Course"/>
        <mapping class="com.edutrack.model.Assignment"/>
        <mapping class="com.edutrack.model.Submission"/>
        <mapping class="com.edutrack.model.Grade"/>

    </session-factory>
</hibernate-configuration>
